period,year,quarter,date,house_price_portugal_sale_eur_sqm,house_price_portugal_rental_eur_sqm,house_price_lisboa_sale_eur_sqm,house_price_lisboa_rental_eur_sqm,house_price_porto_sale_eur_sqm,ine_transaction_count,ine_transaction_value_thousands,ine_price_value_index,ine_volume_index,mortgage_rate_fixed_pct,fdi_real_estate_transactions_meur,fdi_realestate_stock_meur,fdi_total_stock_meur,unemployment_rate_portugal_pct,construction_cost_yoy_growth_pct,population_portugal
1T1982,1982,1,1982-01-01,,,,,,,,,,,,,,,,9911771.0
2T1982,1982,2,1982-04-01,,,,,,,,,,,,,,,,9911771.0
3T1982,1982,3,1982-07-01,,,,,,,,,,,,,,,,9911771.0
4T1982,1982,4,1982-10-01,,,,,,,,,,,,,,,,9911771.0
1T1983,1983,1,1983-01-01,,,,,,,,,,,,,,,,9957865.0
2T1983,1983,2,1983-04-01,,,,,,,,,,,,,,,,9957865.0
3T1983,1983,3,1983-07-01,,,,,,,,,,,,,,,,9957865.0
4T1983,1983,4,1983-10-01,,,,,,,,,,,,,,,,9957865.0
1T1984,1984,1,1984-01-01,,,,,,,,,,,,,,,,9996232.0
2T1984,1984,2,1984-04-01,,,,,,,,,,,,,,,,9996232.0
3T1984,1984,3,1984-07-01,,,,,,,,,,,,,,,,9996232.0
4T1984,1984,4,1984-10-01,,,,,,,,,,,,,,,,9996232.0
1T1985,1985,1,1985-01-01,,,,,,,,,,,,,,,,10023613.0
2T1985,1985,2,1985-04-01,,,,,,,,,,,,,,,,10023613.0
3T1985,1985,3,1985-07-01,,,,,,,,,,,,,,,,10023613.0
4T1985,1985,4,1985-10-01,,,,,,,,,,,,,,,,10023613.0
1T1986,1986,1,1986-01-01,,,,,,,,,,,,,,,,10032734.0
2T1986,1986,2,1986-04-01,,,,,,,,,,,,,,,,10032734.0
3T1986,1986,3,1986-07-01,,,,,,,,,,,,,,,,10032734.0
4T1986,1986,4,1986-10-01,,,,,,,,,,,,,,,,10032734.0
1T1987,1987,1,1987-01-01,,,,,,,,,,,,,,,,10030031.0
2T1987,1987,2,1987-04-01,,,,,,,,,,,,,,,,10030031.0
3T1987,1987,3,1987-07-01,,,,,,,,,,,,,,,,10030031.0
4T1987,1987,4,1987-10-01,,,,,,,,,,,,,,,,10030031.0
1T1988,1988,1,1988-01-01,,,,,,,,,,,,,,,,10019610.0
2T1988,1988,2,1988-04-01,,,,,,,,,,,,,,,,10019610.0
3T1988,1988,3,1988-07-01,,,,,,,,,,,,,,,,10019610.0
4T1988,1988,4,1988-10-01,,,,,,,,,,,,,,,,10019610.0
1T1989,1989,1,1989-01-01,,,,,,,,,,,,,,,,10005000.0
2T1989,1989,2,1989-04-01,,,,,,,,,,,,,,,,10005000.0
3T1989,1989,3,1989-07-01,,,,,,,,,,,,,,,,10005000.0
4T1989,1989,4,1989-10-01,,,,,,,,,,,,,,,,10005000.0
1T1990,1990,1,1990-01-01,,,,,,,,,,,,,,,,9983218.0
2T1990,1990,2,1990-04-01,,,,,,,,,,,,,,,,9983218.0
3T1990,1990,3,1990-07-01,,,,,,,,,,,,,,,,9983218.0
4T1990,1990,4,1990-10-01,,,,,,,,,,,,,,,,9983218.0
1T1991,1991,1,1991-01-01,,,,,,,,,,,,,,,,9960235.0
2T1991,1991,2,1991-04-01,,,,,,,,,,,,,,,,9960235.0
3T1991,1991,3,1991-07-01,,,,,,,,,,,,,,,,9960235.0
4T1991,1991,4,1991-10-01,,,,,,,,,,,,,,,,9960235.0
1T1992,1992,1,1992-01-01,,,,,,,,,,,,,,,,9952494.0
2T1992,1992,2,1992-04-01,,,,,,,,,,,,,,,,9952494.0
3T1992,1992,3,1992-07-01,,,,,,,,,,,,,,,,9952494.0
4T1992,1992,4,1992-10-01,,,,,,,,,,,,,,,,9952494.0
1T1993,1993,1,1993-01-01,,,,,,,,,,,,,,,,9964675.0
2T1993,1993,2,1993-04-01,,,,,,,,,,,,,,,,9964675.0
3T1993,1993,3,1993-07-01,,,,,,,,,,,,,,,,9964675.0
4T1993,1993,4,1993-10-01,,,,,,,,,,,,,,,,9964675.0
1T1994,1994,1,1994-01-01,,,,,,,,,,,,,,,,9991525.0
2T1994,1994,2,1994-04-01,,,,,,,,,,,,,,,,9991525.0
3T1994,1994,3,1994-07-01,,,,,,,,,,,,,,,,9991525.0
4T1994,1994,4,1994-10-01,,,,,,,,,,,,,,,,9991525.0
1T1995,1995,1,1995-01-01,,,,,,,,,,,,,,,,10026176.0
2T1995,1995,2,1995-04-01,,,,,,,,,,,,,,,,10026176.0
3T1995,1995,3,1995-07-01,,,,,,,,,,,,,,,,10026176.0
4T1995,1995,4,1995-10-01,,,,,,,,,,,,,,,,10026176.0
1T1996,1996,1,1996-01-01,,,,,,,,,,,,,,,,10063945.0
2T1996,1996,2,1996-04-01,,,,,,,,,,,,,,,,10063945.0
3T1996,1996,3,1996-07-01,,,,,,,,,,,,,,,,10063945.0
4T1996,1996,4,1996-10-01,,,,,,,,,,,,,,,,10063945.0
1T1997,1997,1,1997-01-01,,,,,,,,,,,,,,,,10108977.0
2T1997,1997,2,1997-04-01,,,,,,,,,,,,,,,,10108977.0
3T1997,1997,3,1997-07-01,,,,,,,,,,,,,,,,10108977.0
4T1997,1997,4,1997-10-01,,,,,,,,,,,,,,,,10108977.0
1T1998,1998,1,1998-01-01,,,,,,,,,,,,,,,,10160196.0
2T1998,1998,2,1998-04-01,,,,,,,,,,,,,,,,10160196.0
3T1998,1998,3,1998-07-01,,,,,,,,,,,,,,,,10160196.0
4T1998,1998,4,1998-10-01,,,,,,,,,,,,,,,,10160196.0
1T1999,1999,1,1999-01-01,,,,,,,,,,,,,,,,10217828.0
2T1999,1999,2,1999-04-01,,,,,,,,,,,,,,,,10217828.0
3T1999,1999,3,1999-07-01,,,,,,,,,,,,,,,,10217828.0
4T1999,1999,4,1999-10-01,,,,,,,,,,,,,,,,10217828.0
1T2000,2000,1,2000-01-01,,,,,,,,,,,,,,,,10289898.0
2T2000,2000,2,2000-04-01,,,,,,,,,,,,,,,,10289898.0
3T2000,2000,3,2000-07-01,,,,,,,,,,,,,,,,10289898.0
4T2000,2000,4,2000-10-01,,,,,,,,,,,,,,,,10289898.0
1T2001,2001,1,2001-01-01,,,,,,,,,,,,,,,,10362722.0
2T2001,2001,2,2001-04-01,,,,,,,,,,,,,,,,10362722.0
3T2001,2001,3,2001-07-01,,,,,,,,,,,,,,,,10362722.0
4T2001,2001,4,2001-10-01,,,,,,,,,,,,,,,0.2,10362722.0
1T2002,2002,1,2002-01-01,,,,,,,,,,,,,,,1.1333333333333335,10419631.0
2T2002,2002,2,2002-04-01,,,,,,,,,,,,,,,2.0,10419631.0
3T2002,2002,3,2002-07-01,,,,,,,,,,,,,,,2.366666666666667,10419631.0
4T2002,2002,4,2002-10-01,,,,,,,,,,,,,,,2.7000000000000006,10419631.0
1T2003,2003,1,2003-01-01,,,,,,,,,,,,,,,2.6,10458821.0
2T2003,2003,2,2003-04-01,,,,,,,,,,,,,,,2.266666666666667,10458821.0
3T2003,2003,3,2003-07-01,,,,,,,,,,,,,,,1.7666666666666666,10458821.0
4T2003,2003,4,2003-10-01,,,,,,,,,,,,,,,1.3,10458821.0
1T2004,2004,1,2004-01-01,,,,,,,,,,,,,,,1.0666666666666667,10483861.0
2T2004,2004,2,2004-04-01,,,,,,,,,,,,,,,1.5666666666666667,10483861.0
3T2004,2004,3,2004-07-01,,,,,,,,,,,,,,,2.6333333333333333,10483861.0
4T2004,2004,4,2004-10-01,,,,,,,,,,,,,,,3.766666666666667,10483861.0
1T2005,2005,1,2005-01-01,,,,,,,,,,,,,,,4.5,10503330.0
2T2005,2005,2,2005-04-01,,,,,,,,,,,,,,,3.8000000000000003,10503330.0
3T2005,2005,3,2005-07-01,,,,,,,,,,,,,,,2.9000000000000004,10503330.0
4T2005,2005,4,2005-10-01,,,,,,,,,,,,,,,2.1333333333333333,10503330.0
1T2006,2006,1,2006-01-01,,,,,,,,,,,,,,,1.8,10522288.0
2T2006,2006,2,2006-04-01,,,,,,,,,,,,,,,2.466666666666667,10522288.0
3T2006,2006,3,2006-07-01,,,,,,,,,,,,,,,3.0666666666666664,10522288.0
4T2006,2006,4,2006-10-01,,,,,,,,,,,,,,,3.233333333333334,10522288.0
1T2007,2007,1,2007-01-01,,,,,,,,,,,,,,,3.4000000000000004,10542964.0
2T2007,2007,2,2007-04-01,,,,,,,,,,,,,,,3.266666666666667,10542964.0
3T2007,2007,3,2007-07-01,,,,,,,,,,,,,,,3.2000000000000006,10542964.0
4T2007,2007,4,2007-10-01,,,,,,,,,,,,,,,3.4000000000000004,10542964.0
1T2008,2008,1,2008-01-01,,,,,,,,,,,260.61,7185.94,81564.01,,3.733333333333333,10558177.0
2T2008,2008,2,2008-04-01,,,,,,,,,,,240.54,7425.93,81564.01,,4.466666666666668,10558177.0
3T2008,2008,3,2008-07-01,,,,,,,,,,,199.85,7625.13,81564.01,,5.666666666666667,10558177.0
4T2008,2008,4,2008-10-01,,,,,,,,,,,173.46,7778.8,81564.01,,6.2,10558177.0
1T2009,2009,1,2009-01-01,,,,,,21219.0,2594215.0,101.11490400043772,93.77630953827796,,185.07,7965.15,87058.56,,5.533333333333334,10568247.0
2T2009,2009,2,2009-04-01,,,,,,24229.0,2992266.0,102.14069967235476,107.07885403661514,,110.17,8075.32,87058.56,,3.3333333333333335,10568247.0
3T2009,2009,3,2009-07-01,,,,,,27077.0,3315884.0,101.28214833019008,119.66544763504182,,109.77,8185.09,87058.56,,0.10000000000000002,10568247.0
4T2009,2009,4,2009-10-01,,,,,,27567.0,3374788.0,101.24908577853915,121.83097813477112,,138.69,8313.97,87058.56,,-1.8666666666666665,10568247.0
1T2010,2010,1,2010-01-01,,,,,,27213.0,3440120.0,104.55174626832822,120.26649283496668,,96.97,8557.54,90744.37,,-2.3000000000000003,10573100.0
2T2010,2010,2,2010-04-01,,,,,,27914.0,3455609.0,102.38507265534678,123.36452728457942,,92.45,8814.57,90744.37,,-1.2666666666666668,10573100.0
3T2010,2010,3,2010-07-01,,,,,,25895.0,3216802.0,102.74070353201208,114.4416577356948,,115.87,9072.94,90744.37,,0.3666666666666667,10573100.0
4T2010,2010,4,2010-10-01,,,,,,25965.0,3247936.0,103.4554220012945,114.75101923565612,,104.27,9316.48,90744.37,,1.4000000000000001,10573100.0
1T2011,2011,1,2011-01-01,,,,,,20820.0,2558333.0,101.62731887576892,92.01294898849838,,83.82,9400.3,86024.1,13.1,2.0,10565836.0
2T2011,2011,2,2011-04-01,,,,,,19606.0,2319557.0,97.84759856893876,86.64773668916904,,97.77,9498.06,86024.1,12.9,1.8666666666666665,10565836.0
3T2011,2011,3,2011-07-01,,,,,,17534.0,1950085.0,91.98280730364878,77.49063629031367,,114.62,9612.68,86024.1,13.3,1.7000000000000002,10565836.0
4T2011,2011,4,2011-10-01,,,,,,18968.0,2107130.0,91.8763873201366,83.82812758952149,,141.96,9732.53,86024.1,14.7,1.5,10565836.0
1T2012,2012,1,2012-01-01,,,,,,15182.0,1659303.0,90.39217404300383,67.09608989161299,,100.28,9832.81,93460.39,15.7,1.0666666666666667,10531420.0
2T2012,2012,2,2012-04-01,,,,,,15867.0,1673516.0,87.2306618579911,70.12341314123456,,89.3,9922.11,93460.39,15.8,0.7666666666666667,10531420.0
3T2012,2012,3,2012-07-01,,,,,,15047.0,1527642.0,83.96644951913123,66.49946414168757,,111.0,10033.11,93460.39,16.7,0.6666666666666666,10531420.0
4T2012,2012,4,2012-10-01,,,,,,16489.0,1760000.0,88.27799694872385,72.87231104089096,,146.31,10179.42,93460.39,17.8,0.6333333333333334,10531420.0
1T2013,2013,1,2013-01-01,,,,,,13167.0,1351974.0,84.9211026683585,58.19089814272613,,96.55,10275.98,108452.96,18.5,0.8000000000000002,10473991.0
2T2013,2013,2,2013-04-01,,,,,,16010.0,1667407.0,86.13594227723411,70.75539449115557,,152.98,10428.96,108452.96,17.5,1.1333333333333335,10473991.0
3T2013,2013,3,2013-07-01,,,,,,16646.0,1824085.0,90.6294412044392,73.56616469080423,,151.27,10580.23,108452.96,16.5,1.2333333333333334,10473991.0
4T2013,2013,4,2013-10-01,,,,,,20235.0,2349202.0,96.01769447582036,89.42757073882154,,199.45,10779.68,108452.96,16.1,1.3,10473991.0
1T2014,2014,1,2014-01-01,,,,,,15413.0,1825411.0,97.95071384771065,68.11698284148537,,306.21,11085.89,115366.21,15.8,1.1,10419607.0
2T2014,2014,2,2014-04-01,,,,,,16441.0,2003321.0,100.77584184464384,72.66017744091748,,360.82,11446.71,115366.21,14.6,0.8333333333333334,10419607.0
3T2014,2014,3,2014-07-01,,,,,,16970.0,1979674.0,96.48192447770715,74.99806649062523,,343.73,11790.44,115366.21,13.7,0.6666666666666666,10419607.0
4T2014,2014,4,2014-10-01,,,,,,21015.0,2490239.0,98.0044411594534,92.87474173839064,,445.24,12235.68,115366.21,14.0,0.6333333333333334,10419607.0
1T2015,2015,1,2015-01-01,1038.3333333333333,4.766666666666667,1336.3333333333333,5.966666666666666,973.6666666666666,21762.0,2662680.0,101.19388995618124,96.176070887978,,319.12,12554.79,125514.7,14.3,0.7000000000000001,10381838.0
2T2015,2015,2,2015-04-01,1093.3333333333333,5.2,1389.6666666666667,6.6000000000000005,999.6666666666666,20614.0,2509888.0,100.69923957118108,91.10254228861218,,297.14,12851.93,125514.7,12.4,0.8333333333333334,10381838.0
3T2015,2015,3,2015-07-01,1116.3333333333333,5.3999999999999995,1460.3333333333333,6.966666666666666,999.3333333333334,22928.0,2697752.0,97.31280042246271,101.32914958733386,,319.68,13171.62,125514.7,12.3,1.1333333333333335,10381838.0
4T2015,2015,4,2015-10-01,1124.6666666666667,5.466666666666666,1497.3333333333333,7.433333333333334,968.3333333333334,25205.0,3071762.0,100.79407005017497,111.39223723607596,,405.34,13576.96,125514.7,12.6,1.2000000000000002,10381838.0
1T2016,2016,1,2016-01-01,1163.6666666666667,5.733333333333333,1587.6666666666667,7.900000000000001,1023.6666666666666,24926.0,3001077.0,99.57691524589762,110.1592106862301,,434.9,14011.86,127838.92,12.9,1.3666666666666665,10356516.0
2T2016,2016,2,2016-04-01,1172.0,5.833333333333333,1688.6666666666667,8.1,1004.6666666666666,26890.0,3267885.0,100.5101875107177,118.83901048514512,,401.38,14413.24,127838.92,11.2,1.3666666666666665,10356516.0
3T2016,2016,3,2016-07-01,1199.6666666666667,6.3999999999999995,1762.0,9.1,1024.3333333333333,26675.0,3173236.0,98.38571929954205,117.8888287352639,,331.47,14744.71,127838.92,10.9,1.2000000000000002,10356516.0
4T2016,2016,4,2016-10-01,1264.0,7.3,1908.3333333333333,10.466666666666667,1060.3333333333333,28999.0,3551512.0,101.2894901297318,128.15963053398005,,408.85,15153.56,127838.92,10.8,1.2000000000000002,10356516.0
1T2017,2017,1,2017-01-01,1309.6666666666667,7.966666666666666,2040.3333333333333,11.533333333333333,1096.0,29975.0,3800102.0,104.85042196590872,132.4730137334409,,489.78,15643.34,138586.19,10.4,1.2666666666666668,10340124.0
2T2017,2017,2,2017-04-01,1365.6666666666667,7.933333333333334,2194.0,11.466666666666667,1138.3333333333333,31197.0,4021419.0,106.61065537213086,137.8735816327658,,370.69,16014.03,138586.19,9.2,1.3333333333333333,10340124.0
3T2017,2017,3,2017-07-01,1424.0,8.233333333333333,2342.3333333333335,11.766666666666666,1175.0,32722.0,4258992.0,107.64679513938984,144.61324288192336,,384.08,16398.1,138586.19,8.8,1.5,10340124.0
4T2017,2017,4,2017-10-01,1495.0,8.533333333333333,2513.0,12.1,1262.3333333333333,35940.0,4898678.0,112.72881483438267,158.83503298014563,,440.43,16838.54,138586.19,8.3,1.7666666666666668,10340124.0
1T2018,2018,1,2018-01-01,1540.6666666666667,9.233333333333333,2624.0,12.666666666666666,1327.3333333333333,34449.0,4755125.0,114.16144018167434,152.2456330309693,,495.45,17333.99,136252.87,8.1,1.8,10334633.0
2T2018,2018,2,2018-04-01,1596.0,9.9,2730.3333333333335,13.199999999999998,1409.3333333333333,38730.0,5425227.0,115.8522674050557,171.16529847860434,,514.24,17848.23,136252.87,7.0,1.9000000000000001,10334633.0
3T2018,2018,3,2018-07-01,1774.0,10.433333333333334,2912.6666666666665,13.366666666666667,1590.3333333333333,38964.0,5512302.0,117.00477583884005,172.19944977847507,,434.61,18282.84,136252.87,6.9,2.1333333333333333,10334633.0
4T2018,2018,4,2018-10-01,1761.3333333333333,10.733333333333334,2896.3333333333335,13.833333333333334,1600.3333333333333,39066.0,5414883.0,114.63685212246476,172.65023367841872,2.64,498.33,18781.17,136252.87,6.800000000000001,2.233333333333334,10334633.0
1T2019,2019,1,2019-01-01,1814.6666666666667,11.266666666666666,2964.0,14.166666666666666,1699.3333333333333,36954.0,5261090.0,117.7466059092851,163.31635527958545,2.8666666666666667,445.76,19226.93,148342.92,6.9,2.366666666666667,10354446.0
2T2019,2019,2,2019-04-01,1878.6666666666667,11.366666666666667,3056.3333333333335,14.066666666666668,1799.0,36681.0,5414806.0,122.08880842455076,162.10984542973628,3.1566666666666667,415.35,19642.28,148342.92,6.4,2.466666666666667,10354446.0
3T2019,2019,3,2019-07-01,1932.3333333333333,11.300000000000002,3138.0,13.799999999999999,1860.6666666666667,39554.0,5800028.0,121.2757031962132,174.80692527814915,2.4133333333333336,418.47,20060.75,148342.92,6.300000000000001,2.4000000000000004,10354446.0
4T2019,2019,4,2019-10-01,1974.6666666666667,11.266666666666666,3201.0,13.9,1901.0,41676.0,6136268.0,121.77339389322496,184.18499817697688,2.1866666666666665,490.46,20551.21,148342.92,6.800000000000001,2.4000000000000004,10354446.0
1T2020,2020,1,2020-01-01,2007.3333333333333,11.433333333333332,3267.3333333333335,13.866666666666667,1964.0,36399.0,5785538.0,131.4584231641285,160.86356052989206,2.21,468.51,21019.72,150377.77,6.9,2.533333333333333,10384846.0
2T2020,2020,2,2020-04-01,2033.6666666666667,11.666666666666666,3289.3333333333335,13.966666666666667,2050.6666666666665,26379.0,4125502.0,129.34587844472952,116.5806715354274,2.21,274.49,21294.21,150377.77,5.7,2.2,10384846.0
3T2020,2020,3,2020-07-01,2036.0,11.299999999999999,3240.6666666666665,13.4,2047.0,35596.0,5427603.0,126.10752326248976,157.31474218033566,2.08,352.27,21646.48,150377.77,8.200000000000001,2.1333333333333333,10384846.0
4T2020,2020,4,2020-10-01,2080.3333333333335,11.133333333333333,3271.0,13.200000000000001,2086.3333333333335,39139.0,6098441.0,128.86744612614154,172.97285352837838,2.1266666666666665,488.87,22135.35,150377.77,7.300000000000001,2.1,10384846.0
1T2021,2021,1,2021-01-01,2130.0,11.066666666666668,3370.0,13.0,2138.6666666666665,34614.0,5595240.0,133.69065495381548,152.97484228087814,1.9566666666666668,345.02,22480.37,164176.4,7.2,1.9000000000000001,
2T2021,2021,2,2021-04-01,2164.0,10.933333333333332,3425.3333333333335,12.800000000000002,2186.0,41736.0,6933006.0,137.38675721914424,184.45016517694373,2.1933333333333334,512.35,22992.72,164176.4,6.9,2.866666666666667,
3T2021,2021,3,2021-07-01,2219.6666666666665,10.866666666666667,3532.3333333333335,12.699999999999998,2239.0,43447.0,7345978.0,139.83759623515712,192.0118441259985,2.18,570.74,23563.46,164176.4,6.300000000000001,4.033333333333334,
4T2021,2021,4,2021-10-01,2277.6666666666665,10.733333333333334,3656.6666666666665,12.699999999999998,2268.0,45885.0,8225207.0,148.2552976019511,202.7864632246517,2.1533333333333333,700.74,24264.2,164176.4,6.4,5.300000000000001,
1T2022,2022,1,2022-01-01,2296.3333333333335,10.9,3717.3333333333335,12.933333333333332,2305.0,43544.0,8081797.0,153.50189341648706,192.44053077594492,2.3266666666666667,615.95,24880.15,175732.61,6.0,6.766666666666667,10764411.0
2T2022,2022,2,2022-04-01,2333.6666666666665,11.200000000000001,3779.3333333333335,13.4,2342.3333333333335,43607.0,8287705.0,157.1853964180325,192.71895612591013,2.98,1047.15,25927.3,175732.61,5.9,8.666666666666666,10764411.0
3T2022,2022,3,2022-07-01,2360.6666666666665,11.6,3802.0,14.200000000000001,2375.3333333333335,42223.0,8051492.0,157.71078703058802,186.6024373266747,3.2266666666666666,738.85,26666.15,175732.61,5.9,10.333333333333334,10764411.0
4T2022,2022,4,2022-10-01,2412.0,12.466666666666667,3789.0,15.800000000000002,2403.6666666666665,38526.0,7362219.0,158.04797371910158,170.26373067871702,3.9066666666666667,762.23,27428.38,175732.61,6.7,11.566666666666668,10764411.0
1T2023,2023,1,2023-01-01,2445.3333333333335,13.333333333333334,3809.6666666666665,16.833333333333332,2421.0,34493.0,6857332.0,164.42139501587408,152.440088830945,4.003333333333333,850.7,28279.08,192753.71,7.2,,11067026.0
2T2023,2023,2,2023-04-01,2490.0,14.133333333333333,3849.6666666666665,17.633333333333336,2472.6666666666665,33624.0,6904628.0,169.83415260390527,148.59958678142505,4.073333333333333,1030.38,29309.46,192753.71,6.1000000000000005,,11067026.0
3T2023,2023,3,2023-07-01,2496.0,15.200000000000001,3828.3333333333335,18.833333333333332,2456.0,34256.0,7072380.0,170.75092220163313,151.39267918107592,3.9966666666666666,1140.31,30449.77,192753.71,6.1000000000000005,,11067026.0
4T2023,2023,4,2023-10-01,2530.3333333333335,15.366666666666667,3866.0,19.066666666666666,2484.3333333333335,34126.0,7174277.0,173.87088910761483,150.81815068114773,3.966666666666667,853.13,31302.9,192753.71,6.6000000000000005,,11067026.0
1T2024,2024,1,2024-01-01,2596.0,15.800000000000002,3981.3333333333335,19.633333333333336,2566.3333333333335,33077.0,6730533.0,168.28967248471187,146.18214763172722,3.813333333333333,664.25,31967.15,201383.75,6.800000000000001,,11295785.0
2T2024,2024,2,2024-04-01,2653.0,16.133333333333336,4061.0,19.8,2616.0,37125.0,7876682.0,175.47327047702692,164.072081229491,3.8699999999999997,863.79,32830.94,201383.75,6.1000000000000005,,11295785.0
3T2024,2024,3,2024-07-01,2717.6666666666665,16.3,4149.0,19.900000000000002,2729.0,40909.0,9052016.0,183.003994750677,180.7952800274006,3.6733333333333333,962.02,33792.96,201383.75,6.1000000000000005,,11295785.0
4T2024,2024,4,2024-10-01,2781.0,16.133333333333336,4218.666666666667,19.933333333333334,2857.3333333333335,45214.0,10173942.0,186.10174614443363,199.8210122750224,3.41,1048.07,34841.03,201383.75,6.7,,11295785.0
1T2025,2025,1,2025-01-01,2736.6666666666665,16.466666666666665,4160.666666666667,20.133333333333336,2790.0,41358.0,9617638.0,192.3282226547581,182.77961307715256,3.4499999999999997,968.9,35809.93,213730.82,6.6000000000000005,,11405627.0
2T2025,2025,2,2025-04-01,,,,,,,,,,3.4866666666666664,912.1,36722.03,213730.82,5.9,,11405627.0
3T2025,2025,3,2025-07-01,,,,,,,,,,3.4033333333333338,1017.3,37739.33,213730.82,5.800000000000001,,11405627.0
4T2025,2025,4,2025-10-01,,,,,,,,,,3.47,1007.0,38746.33,213730.82,5.800000000000001,,11405627.0
1T2026,2026,1,2026-01-01,,,,,,,,,,3.6233333333333335,816.03,39562.36,,6.1000000000000005,,
2T2026,2026,2,2026-04-01,,,,,,,,,,3.7266666666666666,,,,5.300000000000001,,
