date,city_code,city,typology,median_price_eur_per_sqm,year,quarter
2016-01-01,1700067,Amadora,0 or 1 bedroom,763.0,2016,1
2016-01-01,1700067,Amadora,2 bedrooms,807.0,2016,1
2016-01-01,1700067,Amadora,3 bedrooms,964.0,2016,1
2016-01-01,1700067,Amadora,4 or more bedrooms,803.0,2016,1
2016-04-01,1700067,Amadora,0 or 1 bedroom,778.0,2016,2
2016-04-01,1700067,Amadora,2 bedrooms,836.0,2016,2
2016-04-01,1700067,Amadora,3 bedrooms,975.0,2016,2
2016-04-01,1700067,Amadora,4 or more bedrooms,818.0,2016,2
2016-07-01,1700067,Amadora,0 or 1 bedroom,786.0,2016,3
2016-07-01,1700067,Amadora,2 bedrooms,841.0,2016,3
2016-07-01,1700067,Amadora,3 bedrooms,984.0,2016,3
2016-07-01,1700067,Amadora,4 or more bedrooms,815.0,2016,3
2016-10-01,1700067,Amadora,0 or 1 bedroom,830.0,2016,4
2016-10-01,1700067,Amadora,2 bedrooms,867.0,2016,4
2016-10-01,1700067,Amadora,3 bedrooms,1010.0,2016,4
2016-10-01,1700067,Amadora,4 or more bedrooms,866.0,2016,4
2017-01-01,1700067,Amadora,0 or 1 bedroom,903.0,2017,1
2017-01-01,1700067,Amadora,2 bedrooms,912.0,2017,1
2017-01-01,1700067,Amadora,3 bedrooms,1037.0,2017,1
2017-01-01,1700067,Amadora,4 or more bedrooms,979.0,2017,1
2017-04-01,1700067,Amadora,0 or 1 bedroom,960.0,2017,2
2017-04-01,1700067,Amadora,2 bedrooms,933.0,2017,2
2017-04-01,1700067,Amadora,3 bedrooms,1056.0,2017,2
2017-04-01,1700067,Amadora,4 or more bedrooms,992.0,2017,2
2017-07-01,1700067,Amadora,0 or 1 bedroom,994.0,2017,3
2017-07-01,1700067,Amadora,2 bedrooms,961.0,2017,3
2017-07-01,1700067,Amadora,3 bedrooms,1079.0,2017,3
2017-07-01,1700067,Amadora,4 or more bedrooms,1035.0,2017,3
2017-10-01,1700067,Amadora,0 or 1 bedroom,1018.0,2017,4
2017-10-01,1700067,Amadora,2 bedrooms,1004.0,2017,4
2017-10-01,1700067,Amadora,3 bedrooms,1092.0,2017,4
2017-10-01,1700067,Amadora,4 or more bedrooms,1060.0,2017,4
2018-01-01,1700067,Amadora,0 or 1 bedroom,1057.0,2018,1
2018-01-01,1700067,Amadora,2 bedrooms,1049.0,2018,1
2018-01-01,1700067,Amadora,3 bedrooms,1110.0,2018,1
2018-01-01,1700067,Amadora,4 or more bedrooms,1062.0,2018,1
2018-04-01,1700067,Amadora,0 or 1 bedroom,1104.0,2018,2
2018-04-01,1700067,Amadora,2 bedrooms,1116.0,2018,2
2018-04-01,1700067,Amadora,3 bedrooms,1146.0,2018,2
2018-04-01,1700067,Amadora,4 or more bedrooms,1096.0,2018,2
2018-07-01,1700067,Amadora,0 or 1 bedroom,1202.0,2018,3
2018-07-01,1700067,Amadora,2 bedrooms,1165.0,2018,3
2018-07-01,1700067,Amadora,3 bedrooms,1242.0,2018,3
2018-07-01,1700067,Amadora,4 or more bedrooms,1152.0,2018,3
2018-10-01,1700067,Amadora,0 or 1 bedroom,1268.0,2018,4
2018-10-01,1700067,Amadora,2 bedrooms,1212.0,2018,4
2018-10-01,1700067,Amadora,3 bedrooms,1308.0,2018,4
2018-10-01,1700067,Amadora,4 or more bedrooms,1216.0,2018,4
2019-01-01,1700067,Amadora,0 or 1 bedroom,1320.0,2019,1
2019-01-01,1700067,Amadora,2 bedrooms,1279.0,2019,1
2019-01-01,1700067,Amadora,3 bedrooms,1330.0,2019,1
2019-01-01,1700067,Amadora,4 or more bedrooms,1288.0,2019,1
2019-04-01,1700067,Amadora,0 or 1 bedroom,1391.0,2019,2
2019-04-01,1700067,Amadora,2 bedrooms,1342.0,2019,2
2019-04-01,1700067,Amadora,3 bedrooms,1426.0,2019,2
2019-04-01,1700067,Amadora,4 or more bedrooms,1304.0,2019,2
2019-07-01,1700067,Amadora,0 or 1 bedroom,1460.0,2019,3
2019-07-01,1700067,Amadora,2 bedrooms,1434.0,2019,3
2019-07-01,1700067,Amadora,3 bedrooms,1480.0,2019,3
2019-07-01,1700067,Amadora,4 or more bedrooms,1297.0,2019,3
2019-10-01,1700067,Amadora,0 or 1 bedroom,1487.0,2019,4
2019-10-01,1700067,Amadora,2 bedrooms,1475.0,2019,4
2019-10-01,1700067,Amadora,3 bedrooms,1561.0,2019,4
2019-10-01,1700067,Amadora,4 or more bedrooms,1427.0,2019,4
2020-01-01,1700067,Amadora,0 or 1 bedroom,1556.0,2020,1
2020-01-01,1700067,Amadora,2 bedrooms,1560.0,2020,1
2020-01-01,1700067,Amadora,3 bedrooms,1597.0,2020,1
2020-01-01,1700067,Amadora,4 or more bedrooms,1414.0,2020,1
2020-04-01,1700067,Amadora,0 or 1 bedroom,1619.0,2020,2
2020-04-01,1700067,Amadora,2 bedrooms,1580.0,2020,2
2020-04-01,1700067,Amadora,3 bedrooms,1627.0,2020,2
2020-04-01,1700067,Amadora,4 or more bedrooms,1472.0,2020,2
2020-07-01,1700067,Amadora,0 or 1 bedroom,1655.0,2020,3
2020-07-01,1700067,Amadora,2 bedrooms,1597.0,2020,3
2020-07-01,1700067,Amadora,3 bedrooms,1636.0,2020,3
2020-07-01,1700067,Amadora,4 or more bedrooms,1524.0,2020,3
2020-10-01,1700067,Amadora,0 or 1 bedroom,1749.0,2020,4
2020-10-01,1700067,Amadora,2 bedrooms,1666.0,2020,4
2020-10-01,1700067,Amadora,3 bedrooms,1638.0,2020,4
2020-10-01,1700067,Amadora,4 or more bedrooms,1516.0,2020,4
2021-01-01,1700067,Amadora,0 or 1 bedroom,1792.0,2021,1
2021-01-01,1700067,Amadora,2 bedrooms,1707.0,2021,1
2021-01-01,1700067,Amadora,3 bedrooms,1676.0,2021,1
2021-01-01,1700067,Amadora,4 or more bedrooms,1547.0,2021,1
2021-04-01,1700067,Amadora,0 or 1 bedroom,1834.0,2021,2
2021-04-01,1700067,Amadora,2 bedrooms,1742.0,2021,2
2021-04-01,1700067,Amadora,3 bedrooms,1716.0,2021,2
2021-04-01,1700067,Amadora,4 or more bedrooms,1554.0,2021,2
2021-07-01,1700067,Amadora,0 or 1 bedroom,1874.0,2021,3
2021-07-01,1700067,Amadora,2 bedrooms,1768.0,2021,3
2021-07-01,1700067,Amadora,3 bedrooms,1750.0,2021,3
2021-07-01,1700067,Amadora,4 or more bedrooms,1619.0,2021,3
2016-01-01,1120003,Braga,0 or 1 bedroom,636.0,2016,1
2016-01-01,1120003,Braga,2 bedrooms,614.0,2016,1
2016-01-01,1120003,Braga,3 bedrooms,647.0,2016,1
2016-01-01,1120003,Braga,4 or more bedrooms,665.0,2016,1
2016-04-01,1120003,Braga,0 or 1 bedroom,690.0,2016,2
2016-04-01,1120003,Braga,2 bedrooms,614.0,2016,2
2016-04-01,1120003,Braga,3 bedrooms,647.0,2016,2
2016-04-01,1120003,Braga,4 or more bedrooms,666.0,2016,2
2016-07-01,1120003,Braga,0 or 1 bedroom,706.0,2016,3
2016-07-01,1120003,Braga,2 bedrooms,613.0,2016,3
2016-07-01,1120003,Braga,3 bedrooms,641.0,2016,3
2016-07-01,1120003,Braga,4 or more bedrooms,665.0,2016,3
2016-10-01,1120003,Braga,0 or 1 bedroom,706.0,2016,4
2016-10-01,1120003,Braga,2 bedrooms,613.0,2016,4
2016-10-01,1120003,Braga,3 bedrooms,624.0,2016,4
2016-10-01,1120003,Braga,4 or more bedrooms,667.0,2016,4
2017-01-01,1120003,Braga,0 or 1 bedroom,720.0,2017,1
2017-01-01,1120003,Braga,2 bedrooms,615.0,2017,1
2017-01-01,1120003,Braga,3 bedrooms,630.0,2017,1
2017-01-01,1120003,Braga,4 or more bedrooms,690.0,2017,1
2017-04-01,1120003,Braga,0 or 1 bedroom,731.0,2017,2
2017-04-01,1120003,Braga,2 bedrooms,617.0,2017,2
2017-04-01,1120003,Braga,3 bedrooms,625.0,2017,2
2017-04-01,1120003,Braga,4 or more bedrooms,722.0,2017,2
2017-07-01,1120003,Braga,0 or 1 bedroom,754.0,2017,3
2017-07-01,1120003,Braga,2 bedrooms,627.0,2017,3
2017-07-01,1120003,Braga,3 bedrooms,648.0,2017,3
2017-07-01,1120003,Braga,4 or more bedrooms,761.0,2017,3
2017-10-01,1120003,Braga,0 or 1 bedroom,769.0,2017,4
2017-10-01,1120003,Braga,2 bedrooms,631.0,2017,4
2017-10-01,1120003,Braga,3 bedrooms,654.0,2017,4
2017-10-01,1120003,Braga,4 or more bedrooms,765.0,2017,4
2018-01-01,1120003,Braga,0 or 1 bedroom,811.0,2018,1
2018-01-01,1120003,Braga,2 bedrooms,658.0,2018,1
2018-01-01,1120003,Braga,3 bedrooms,674.0,2018,1
2018-01-01,1120003,Braga,4 or more bedrooms,779.0,2018,1
2018-04-01,1120003,Braga,0 or 1 bedroom,839.0,2018,2
2018-04-01,1120003,Braga,2 bedrooms,699.0,2018,2
2018-04-01,1120003,Braga,3 bedrooms,714.0,2018,2
2018-04-01,1120003,Braga,4 or more bedrooms,776.0,2018,2
2018-07-01,1120003,Braga,0 or 1 bedroom,835.0,2018,3
2018-07-01,1120003,Braga,2 bedrooms,734.0,2018,3
2018-07-01,1120003,Braga,3 bedrooms,730.0,2018,3
2018-07-01,1120003,Braga,4 or more bedrooms,777.0,2018,3
2018-10-01,1120003,Braga,0 or 1 bedroom,894.0,2018,4
2018-10-01,1120003,Braga,2 bedrooms,798.0,2018,4
2018-10-01,1120003,Braga,3 bedrooms,774.0,2018,4
2018-10-01,1120003,Braga,4 or more bedrooms,822.0,2018,4
2019-01-01,1120003,Braga,0 or 1 bedroom,926.0,2019,1
2019-01-01,1120003,Braga,2 bedrooms,831.0,2019,1
2019-01-01,1120003,Braga,3 bedrooms,807.0,2019,1
2019-01-01,1120003,Braga,4 or more bedrooms,832.0,2019,1
2019-04-01,1120003,Braga,0 or 1 bedroom,956.0,2019,2
2019-04-01,1120003,Braga,2 bedrooms,868.0,2019,2
2019-04-01,1120003,Braga,3 bedrooms,845.0,2019,2
2019-04-01,1120003,Braga,4 or more bedrooms,893.0,2019,2
2019-07-01,1120003,Braga,0 or 1 bedroom,1009.0,2019,3
2019-07-01,1120003,Braga,2 bedrooms,923.0,2019,3
2019-07-01,1120003,Braga,3 bedrooms,898.0,2019,3
2019-07-01,1120003,Braga,4 or more bedrooms,931.0,2019,3
2019-10-01,1120003,Braga,0 or 1 bedroom,1076.0,2019,4
2019-10-01,1120003,Braga,2 bedrooms,946.0,2019,4
2019-10-01,1120003,Braga,3 bedrooms,921.0,2019,4
2019-10-01,1120003,Braga,4 or more bedrooms,922.0,2019,4
2020-01-01,1120003,Braga,0 or 1 bedroom,1137.0,2020,1
2020-01-01,1120003,Braga,2 bedrooms,962.0,2020,1
2020-01-01,1120003,Braga,3 bedrooms,953.0,2020,1
2020-01-01,1120003,Braga,4 or more bedrooms,936.0,2020,1
2020-04-01,1120003,Braga,0 or 1 bedroom,1220.0,2020,2
2020-04-01,1120003,Braga,2 bedrooms,1012.0,2020,2
2020-04-01,1120003,Braga,3 bedrooms,998.0,2020,2
2020-04-01,1120003,Braga,4 or more bedrooms,904.0,2020,2
2020-07-01,1120003,Braga,0 or 1 bedroom,1247.0,2020,3
2020-07-01,1120003,Braga,2 bedrooms,1012.0,2020,3
2020-07-01,1120003,Braga,3 bedrooms,1000.0,2020,3
2020-07-01,1120003,Braga,4 or more bedrooms,923.0,2020,3
2020-10-01,1120003,Braga,0 or 1 bedroom,1233.0,2020,4
2020-10-01,1120003,Braga,2 bedrooms,1036.0,2020,4
2020-10-01,1120003,Braga,3 bedrooms,1024.0,2020,4
2020-10-01,1120003,Braga,4 or more bedrooms,934.0,2020,4
2021-01-01,1120003,Braga,0 or 1 bedroom,1248.0,2021,1
2021-01-01,1120003,Braga,2 bedrooms,1039.0,2021,1
2021-01-01,1120003,Braga,3 bedrooms,1048.0,2021,1
2021-01-01,1120003,Braga,4 or more bedrooms,1005.0,2021,1
2021-04-01,1120003,Braga,0 or 1 bedroom,1249.0,2021,2
2021-04-01,1120003,Braga,2 bedrooms,1042.0,2021,2
2021-04-01,1120003,Braga,3 bedrooms,1055.0,2021,2
2021-04-01,1120003,Braga,4 or more bedrooms,1032.0,2021,2
2021-07-01,1120003,Braga,0 or 1 bedroom,1270.0,2021,3
2021-07-01,1120003,Braga,2 bedrooms,1136.0,2021,3
2021-07-01,1120003,Braga,3 bedrooms,1101.0,2021,3
2021-07-01,1120003,Braga,4 or more bedrooms,1066.0,2021,3
2016-01-01,16E0047,Coimbra,0 or 1 bedroom,1199.0,2016,1
2016-01-01,16E0047,Coimbra,2 bedrooms,1103.0,2016,1
2016-01-01,16E0047,Coimbra,3 bedrooms,1033.0,2016,1
2016-01-01,16E0047,Coimbra,4 or more bedrooms,989.0,2016,1
2016-04-01,16E0047,Coimbra,0 or 1 bedroom,1314.0,2016,2
2016-04-01,16E0047,Coimbra,2 bedrooms,1164.0,2016,2
2016-04-01,16E0047,Coimbra,3 bedrooms,1061.0,2016,2
2016-04-01,16E0047,Coimbra,4 or more bedrooms,992.0,2016,2
2016-07-01,16E0047,Coimbra,0 or 1 bedroom,1334.0,2016,3
2016-07-01,16E0047,Coimbra,2 bedrooms,1170.0,2016,3
2016-07-01,16E0047,Coimbra,3 bedrooms,1050.0,2016,3
2016-07-01,16E0047,Coimbra,4 or more bedrooms,920.0,2016,3
2016-10-01,16E0047,Coimbra,0 or 1 bedroom,1442.0,2016,4
2016-10-01,16E0047,Coimbra,2 bedrooms,1159.0,2016,4
2016-10-01,16E0047,Coimbra,3 bedrooms,1056.0,2016,4
2016-10-01,16E0047,Coimbra,4 or more bedrooms,964.0,2016,4
2017-01-01,16E0047,Coimbra,0 or 1 bedroom,1468.0,2017,1
2017-01-01,16E0047,Coimbra,2 bedrooms,1208.0,2017,1
2017-01-01,16E0047,Coimbra,3 bedrooms,1056.0,2017,1
2017-01-01,16E0047,Coimbra,4 or more bedrooms,1009.0,2017,1
2017-04-01,16E0047,Coimbra,0 or 1 bedroom,1453.0,2017,2
2017-04-01,16E0047,Coimbra,2 bedrooms,1220.0,2017,2
2017-04-01,16E0047,Coimbra,3 bedrooms,1060.0,2017,2
2017-04-01,16E0047,Coimbra,4 or more bedrooms,984.0,2017,2
2017-07-01,16E0047,Coimbra,0 or 1 bedroom,1388.0,2017,3
2017-07-01,16E0047,Coimbra,2 bedrooms,1231.0,2017,3
2017-07-01,16E0047,Coimbra,3 bedrooms,1121.0,2017,3
2017-07-01,16E0047,Coimbra,4 or more bedrooms,1010.0,2017,3
2017-10-01,16E0047,Coimbra,0 or 1 bedroom,1424.0,2017,4
2017-10-01,16E0047,Coimbra,2 bedrooms,1294.0,2017,4
2017-10-01,16E0047,Coimbra,3 bedrooms,1131.0,2017,4
2017-10-01,16E0047,Coimbra,4 or more bedrooms,1046.0,2017,4
2018-01-01,16E0047,Coimbra,0 or 1 bedroom,1422.0,2018,1
2018-01-01,16E0047,Coimbra,2 bedrooms,1281.0,2018,1
2018-01-01,16E0047,Coimbra,3 bedrooms,1154.0,2018,1
2018-01-01,16E0047,Coimbra,4 or more bedrooms,1038.0,2018,1
2018-04-01,16E0047,Coimbra,0 or 1 bedroom,1426.0,2018,2
2018-04-01,16E0047,Coimbra,2 bedrooms,1276.0,2018,2
2018-04-01,16E0047,Coimbra,3 bedrooms,1151.0,2018,2
2018-04-01,16E0047,Coimbra,4 or more bedrooms,1101.0,2018,2
2018-07-01,16E0047,Coimbra,0 or 1 bedroom,1480.0,2018,3
2018-07-01,16E0047,Coimbra,2 bedrooms,1267.0,2018,3
2018-07-01,16E0047,Coimbra,3 bedrooms,1150.0,2018,3
2018-07-01,16E0047,Coimbra,4 or more bedrooms,1143.0,2018,3
2018-10-01,16E0047,Coimbra,0 or 1 bedroom,1451.0,2018,4
2018-10-01,16E0047,Coimbra,2 bedrooms,1258.0,2018,4
2018-10-01,16E0047,Coimbra,3 bedrooms,1162.0,2018,4
2018-10-01,16E0047,Coimbra,4 or more bedrooms,1101.0,2018,4
2019-01-01,16E0047,Coimbra,0 or 1 bedroom,1460.0,2019,1
2019-01-01,16E0047,Coimbra,2 bedrooms,1283.0,2019,1
2019-01-01,16E0047,Coimbra,3 bedrooms,1152.0,2019,1
2019-01-01,16E0047,Coimbra,4 or more bedrooms,1139.0,2019,1
2019-04-01,16E0047,Coimbra,0 or 1 bedroom,1470.0,2019,2
2019-04-01,16E0047,Coimbra,2 bedrooms,1327.0,2019,2
2019-04-01,16E0047,Coimbra,3 bedrooms,1207.0,2019,2
2019-04-01,16E0047,Coimbra,4 or more bedrooms,1139.0,2019,2
2019-07-01,16E0047,Coimbra,0 or 1 bedroom,1464.0,2019,3
2019-07-01,16E0047,Coimbra,2 bedrooms,1371.0,2019,3
2019-07-01,16E0047,Coimbra,3 bedrooms,1225.0,2019,3
2019-07-01,16E0047,Coimbra,4 or more bedrooms,1143.0,2019,3
2019-10-01,16E0047,Coimbra,0 or 1 bedroom,1497.0,2019,4
2019-10-01,16E0047,Coimbra,2 bedrooms,1402.0,2019,4
2019-10-01,16E0047,Coimbra,3 bedrooms,1226.0,2019,4
2019-10-01,16E0047,Coimbra,4 or more bedrooms,1184.0,2019,4
2020-01-01,16E0047,Coimbra,0 or 1 bedroom,1533.0,2020,1
2020-01-01,16E0047,Coimbra,2 bedrooms,1442.0,2020,1
2020-01-01,16E0047,Coimbra,3 bedrooms,1266.0,2020,1
2020-01-01,16E0047,Coimbra,4 or more bedrooms,1200.0,2020,1
2020-04-01,16E0047,Coimbra,0 or 1 bedroom,1559.0,2020,2
2020-04-01,16E0047,Coimbra,2 bedrooms,1461.0,2020,2
2020-04-01,16E0047,Coimbra,3 bedrooms,1237.0,2020,2
2020-04-01,16E0047,Coimbra,4 or more bedrooms,1220.0,2020,2
2020-07-01,16E0047,Coimbra,0 or 1 bedroom,1561.0,2020,3
2020-07-01,16E0047,Coimbra,2 bedrooms,1514.0,2020,3
2020-07-01,16E0047,Coimbra,3 bedrooms,1251.0,2020,3
2020-07-01,16E0047,Coimbra,4 or more bedrooms,1259.0,2020,3
2020-10-01,16E0047,Coimbra,0 or 1 bedroom,1584.0,2020,4
2020-10-01,16E0047,Coimbra,2 bedrooms,1528.0,2020,4
2020-10-01,16E0047,Coimbra,3 bedrooms,1284.0,2020,4
2020-10-01,16E0047,Coimbra,4 or more bedrooms,1236.0,2020,4
2021-01-01,16E0047,Coimbra,0 or 1 bedroom,1615.0,2021,1
2021-01-01,16E0047,Coimbra,2 bedrooms,1500.0,2021,1
2021-01-01,16E0047,Coimbra,3 bedrooms,1290.0,2021,1
2021-01-01,16E0047,Coimbra,4 or more bedrooms,1234.0,2021,1
2021-04-01,16E0047,Coimbra,0 or 1 bedroom,1700.0,2021,2
2021-04-01,16E0047,Coimbra,2 bedrooms,1486.0,2021,2
2021-04-01,16E0047,Coimbra,3 bedrooms,1356.0,2021,2
2021-04-01,16E0047,Coimbra,4 or more bedrooms,1208.0,2021,2
2021-07-01,16E0047,Coimbra,0 or 1 bedroom,1771.0,2021,3
2021-07-01,16E0047,Coimbra,2 bedrooms,1544.0,2021,3
2021-07-01,16E0047,Coimbra,3 bedrooms,1389.0,2021,3
2021-07-01,16E0047,Coimbra,4 or more bedrooms,1204.0,2021,3
2016-01-01,3000117,Funchal,0 or 1 bedroom,1246.0,2016,1
2016-01-01,3000117,Funchal,2 bedrooms,1247.0,2016,1
2016-01-01,3000117,Funchal,3 bedrooms,1234.0,2016,1
2016-01-01,3000117,Funchal,4 or more bedrooms,1013.0,2016,1
2016-04-01,3000117,Funchal,0 or 1 bedroom,1295.0,2016,2
2016-04-01,3000117,Funchal,2 bedrooms,1250.0,2016,2
2016-04-01,3000117,Funchal,3 bedrooms,1252.0,2016,2
2016-04-01,3000117,Funchal,4 or more bedrooms,1054.0,2016,2
2016-07-01,3000117,Funchal,0 or 1 bedroom,1327.0,2016,3
2016-07-01,3000117,Funchal,2 bedrooms,1264.0,2016,3
2016-07-01,3000117,Funchal,3 bedrooms,1288.0,2016,3
2016-07-01,3000117,Funchal,4 or more bedrooms,1027.0,2016,3
2016-10-01,3000117,Funchal,0 or 1 bedroom,1398.0,2016,4
2016-10-01,3000117,Funchal,2 bedrooms,1256.0,2016,4
2016-10-01,3000117,Funchal,3 bedrooms,1296.0,2016,4
2016-10-01,3000117,Funchal,4 or more bedrooms,1092.0,2016,4
2017-01-01,3000117,Funchal,0 or 1 bedroom,1413.0,2017,1
2017-01-01,3000117,Funchal,2 bedrooms,1252.0,2017,1
2017-01-01,3000117,Funchal,3 bedrooms,1278.0,2017,1
2017-01-01,3000117,Funchal,4 or more bedrooms,1057.0,2017,1
2017-04-01,3000117,Funchal,0 or 1 bedroom,1446.0,2017,2
2017-04-01,3000117,Funchal,2 bedrooms,1276.0,2017,2
2017-04-01,3000117,Funchal,3 bedrooms,1276.0,2017,2
2017-04-01,3000117,Funchal,4 or more bedrooms,1035.0,2017,2
2017-07-01,3000117,Funchal,0 or 1 bedroom,1486.0,2017,3
2017-07-01,3000117,Funchal,2 bedrooms,1281.0,2017,3
2017-07-01,3000117,Funchal,3 bedrooms,1297.0,2017,3
2017-07-01,3000117,Funchal,4 or more bedrooms,1069.0,2017,3
2017-10-01,3000117,Funchal,0 or 1 bedroom,1525.0,2017,4
2017-10-01,3000117,Funchal,2 bedrooms,1323.0,2017,4
2017-10-01,3000117,Funchal,3 bedrooms,1330.0,2017,4
2017-10-01,3000117,Funchal,4 or more bedrooms,1068.0,2017,4
2018-01-01,3000117,Funchal,0 or 1 bedroom,1574.0,2018,1
2018-01-01,3000117,Funchal,2 bedrooms,1389.0,2018,1
2018-01-01,3000117,Funchal,3 bedrooms,1352.0,2018,1
2018-01-01,3000117,Funchal,4 or more bedrooms,1041.0,2018,1
2018-04-01,3000117,Funchal,0 or 1 bedroom,1587.0,2018,2
2018-04-01,3000117,Funchal,2 bedrooms,1414.0,2018,2
2018-04-01,3000117,Funchal,3 bedrooms,1396.0,2018,2
2018-04-01,3000117,Funchal,4 or more bedrooms,1153.0,2018,2
2018-07-01,3000117,Funchal,0 or 1 bedroom,1656.0,2018,3
2018-07-01,3000117,Funchal,2 bedrooms,1500.0,2018,3
2018-07-01,3000117,Funchal,3 bedrooms,1435.0,2018,3
2018-07-01,3000117,Funchal,4 or more bedrooms,1203.0,2018,3
2018-10-01,3000117,Funchal,0 or 1 bedroom,1642.0,2018,4
2018-10-01,3000117,Funchal,2 bedrooms,1566.0,2018,4
2018-10-01,3000117,Funchal,3 bedrooms,1487.0,2018,4
2018-10-01,3000117,Funchal,4 or more bedrooms,1204.0,2018,4
2019-01-01,3000117,Funchal,0 or 1 bedroom,1667.0,2019,1
2019-01-01,3000117,Funchal,2 bedrooms,1558.0,2019,1
2019-01-01,3000117,Funchal,3 bedrooms,1488.0,2019,1
2019-01-01,3000117,Funchal,4 or more bedrooms,1292.0,2019,1
2019-04-01,3000117,Funchal,0 or 1 bedroom,1685.0,2019,2
2019-04-01,3000117,Funchal,2 bedrooms,1620.0,2019,2
2019-04-01,3000117,Funchal,3 bedrooms,1499.0,2019,2
2019-04-01,3000117,Funchal,4 or more bedrooms,1170.0,2019,2
2019-07-01,3000117,Funchal,0 or 1 bedroom,1685.0,2019,3
2019-07-01,3000117,Funchal,2 bedrooms,1625.0,2019,3
2019-07-01,3000117,Funchal,3 bedrooms,1464.0,2019,3
2019-07-01,3000117,Funchal,4 or more bedrooms,1115.0,2019,3
2019-10-01,3000117,Funchal,0 or 1 bedroom,1702.0,2019,4
2019-10-01,3000117,Funchal,2 bedrooms,1622.0,2019,4
2019-10-01,3000117,Funchal,3 bedrooms,1493.0,2019,4
2019-10-01,3000117,Funchal,4 or more bedrooms,1159.0,2019,4
2020-01-01,3000117,Funchal,0 or 1 bedroom,1766.0,2020,1
2020-01-01,3000117,Funchal,2 bedrooms,1645.0,2020,1
2020-01-01,3000117,Funchal,3 bedrooms,1553.0,2020,1
2020-01-01,3000117,Funchal,4 or more bedrooms,1148.0,2020,1
2020-04-01,3000117,Funchal,0 or 1 bedroom,1815.0,2020,2
2020-04-01,3000117,Funchal,2 bedrooms,1649.0,2020,2
2020-04-01,3000117,Funchal,3 bedrooms,1601.0,2020,2
2020-04-01,3000117,Funchal,4 or more bedrooms,1106.0,2020,2
2020-07-01,3000117,Funchal,0 or 1 bedroom,1848.0,2020,3
2020-07-01,3000117,Funchal,2 bedrooms,1703.0,2020,3
2020-07-01,3000117,Funchal,3 bedrooms,1654.0,2020,3
2020-07-01,3000117,Funchal,4 or more bedrooms,1238.0,2020,3
2020-10-01,3000117,Funchal,0 or 1 bedroom,1885.0,2020,4
2020-10-01,3000117,Funchal,2 bedrooms,1753.0,2020,4
2020-10-01,3000117,Funchal,3 bedrooms,1682.0,2020,4
2020-10-01,3000117,Funchal,4 or more bedrooms,1330.0,2020,4
2021-01-01,3000117,Funchal,0 or 1 bedroom,1879.0,2021,1
2021-01-01,3000117,Funchal,2 bedrooms,1778.0,2021,1
2021-01-01,3000117,Funchal,3 bedrooms,1631.0,2021,1
2021-01-01,3000117,Funchal,4 or more bedrooms,1348.0,2021,1
2021-04-01,3000117,Funchal,0 or 1 bedroom,1881.0,2021,2
2021-04-01,3000117,Funchal,2 bedrooms,1740.0,2021,2
2021-04-01,3000117,Funchal,3 bedrooms,1591.0,2021,2
2021-04-01,3000117,Funchal,4 or more bedrooms,1429.0,2021,2
2021-07-01,3000117,Funchal,0 or 1 bedroom,1912.0,2021,3
2021-07-01,3000117,Funchal,2 bedrooms,1748.0,2021,3
2021-07-01,3000117,Funchal,3 bedrooms,1582.0,2021,3
2021-07-01,3000117,Funchal,4 or more bedrooms,1416.0,2021,3
2016-01-01,1700068,Lisboa,0 or 1 bedroom,2067.0,2016,1
2016-01-01,1700068,Lisboa,2 bedrooms,1846.0,2016,1
2016-01-01,1700068,Lisboa,3 bedrooms,1861.0,2016,1
2016-01-01,1700068,Lisboa,4 or more bedrooms,1735.0,2016,1
2016-04-01,1700068,Lisboa,0 or 1 bedroom,2119.0,2016,2
2016-04-01,1700068,Lisboa,2 bedrooms,1895.0,2016,2
2016-04-01,1700068,Lisboa,3 bedrooms,1933.0,2016,2
2016-04-01,1700068,Lisboa,4 or more bedrooms,1812.0,2016,2
2016-07-01,1700068,Lisboa,0 or 1 bedroom,2199.0,2016,3
2016-07-01,1700068,Lisboa,2 bedrooms,1966.0,2016,3
2016-07-01,1700068,Lisboa,3 bedrooms,1981.0,2016,3
2016-07-01,1700068,Lisboa,4 or more bedrooms,1924.0,2016,3
2016-10-01,1700068,Lisboa,0 or 1 bedroom,2222.0,2016,4
2016-10-01,1700068,Lisboa,2 bedrooms,2035.0,2016,4
2016-10-01,1700068,Lisboa,3 bedrooms,2020.0,2016,4
2016-10-01,1700068,Lisboa,4 or more bedrooms,2000.0,2016,4
2017-01-01,1700068,Lisboa,0 or 1 bedroom,2322.0,2017,1
2017-01-01,1700068,Lisboa,2 bedrooms,2111.0,2017,1
2017-01-01,1700068,Lisboa,3 bedrooms,2075.0,2017,1
2017-01-01,1700068,Lisboa,4 or more bedrooms,2085.0,2017,1
2017-04-01,1700068,Lisboa,0 or 1 bedroom,2438.0,2017,2
2017-04-01,1700068,Lisboa,2 bedrooms,2167.0,2017,2
2017-04-01,1700068,Lisboa,3 bedrooms,2122.0,2017,2
2017-04-01,1700068,Lisboa,4 or more bedrooms,2179.0,2017,2
2017-07-01,1700068,Lisboa,0 or 1 bedroom,2523.0,2017,3
2017-07-01,1700068,Lisboa,2 bedrooms,2250.0,2017,3
2017-07-01,1700068,Lisboa,3 bedrooms,2215.0,2017,3
2017-07-01,1700068,Lisboa,4 or more bedrooms,2262.0,2017,3
2017-10-01,1700068,Lisboa,0 or 1 bedroom,2723.0,2017,4
2017-10-01,1700068,Lisboa,2 bedrooms,2355.0,2017,4
2017-10-01,1700068,Lisboa,3 bedrooms,2372.0,2017,4
2017-10-01,1700068,Lisboa,4 or more bedrooms,2393.0,2017,4
2018-01-01,1700068,Lisboa,0 or 1 bedroom,2883.0,2018,1
2018-01-01,1700068,Lisboa,2 bedrooms,2500.0,2018,1
2018-01-01,1700068,Lisboa,3 bedrooms,2521.0,2018,1
2018-01-01,1700068,Lisboa,4 or more bedrooms,2500.0,2018,1
2018-04-01,1700068,Lisboa,0 or 1 bedroom,3047.0,2018,2
2018-04-01,1700068,Lisboa,2 bedrooms,2665.0,2018,2
2018-04-01,1700068,Lisboa,3 bedrooms,2651.0,2018,2
2018-04-01,1700068,Lisboa,4 or more bedrooms,2688.0,2018,2
2018-07-01,1700068,Lisboa,0 or 1 bedroom,3111.0,2018,3
2018-07-01,1700068,Lisboa,2 bedrooms,2800.0,2018,3
2018-07-01,1700068,Lisboa,3 bedrooms,2746.0,2018,3
2018-07-01,1700068,Lisboa,4 or more bedrooms,2862.0,2018,3
2018-10-01,1700068,Lisboa,0 or 1 bedroom,3283.0,2018,4
2018-10-01,1700068,Lisboa,2 bedrooms,2976.0,2018,4
2018-10-01,1700068,Lisboa,3 bedrooms,2882.0,2018,4
2018-10-01,1700068,Lisboa,4 or more bedrooms,2944.0,2018,4
2019-01-01,1700068,Lisboa,0 or 1 bedroom,3396.0,2019,1
2019-01-01,1700068,Lisboa,2 bedrooms,3065.0,2019,1
2019-01-01,1700068,Lisboa,3 bedrooms,3000.0,2019,1
2019-01-01,1700068,Lisboa,4 or more bedrooms,3048.0,2019,1
2019-04-01,1700068,Lisboa,0 or 1 bedroom,3397.0,2019,2
2019-04-01,1700068,Lisboa,2 bedrooms,3121.0,2019,2
2019-04-01,1700068,Lisboa,3 bedrooms,3025.0,2019,2
2019-04-01,1700068,Lisboa,4 or more bedrooms,3125.0,2019,2
2019-07-01,1700068,Lisboa,0 or 1 bedroom,3536.0,2019,3
2019-07-01,1700068,Lisboa,2 bedrooms,3167.0,2019,3
2019-07-01,1700068,Lisboa,3 bedrooms,3050.0,2019,3
2019-07-01,1700068,Lisboa,4 or more bedrooms,3114.0,2019,3
2019-10-01,1700068,Lisboa,0 or 1 bedroom,3702.0,2019,4
2019-10-01,1700068,Lisboa,2 bedrooms,3193.0,2019,4
2019-10-01,1700068,Lisboa,3 bedrooms,3085.0,2019,4
2019-10-01,1700068,Lisboa,4 or more bedrooms,3103.0,2019,4
2020-01-01,1700068,Lisboa,0 or 1 bedroom,3852.0,2020,1
2020-01-01,1700068,Lisboa,2 bedrooms,3281.0,2020,1
2020-01-01,1700068,Lisboa,3 bedrooms,3192.0,2020,1
2020-01-01,1700068,Lisboa,4 or more bedrooms,3128.0,2020,1
2020-04-01,1700068,Lisboa,0 or 1 bedroom,3947.0,2020,2
2020-04-01,1700068,Lisboa,2 bedrooms,3315.0,2020,2
2020-04-01,1700068,Lisboa,3 bedrooms,3250.0,2020,2
2020-04-01,1700068,Lisboa,4 or more bedrooms,3080.0,2020,2
2020-07-01,1700068,Lisboa,0 or 1 bedroom,3907.0,2020,3
2020-07-01,1700068,Lisboa,2 bedrooms,3331.0,2020,3
2020-07-01,1700068,Lisboa,3 bedrooms,3237.0,2020,3
2020-07-01,1700068,Lisboa,4 or more bedrooms,3036.0,2020,3
2020-10-01,1700068,Lisboa,0 or 1 bedroom,3794.0,2020,4
2020-10-01,1700068,Lisboa,2 bedrooms,3341.0,2020,4
2020-10-01,1700068,Lisboa,3 bedrooms,3259.0,2020,4
2020-10-01,1700068,Lisboa,4 or more bedrooms,3128.0,2020,4
2021-01-01,1700068,Lisboa,0 or 1 bedroom,3562.0,2021,1
2021-01-01,1700068,Lisboa,2 bedrooms,3290.0,2021,1
2021-01-01,1700068,Lisboa,3 bedrooms,3207.0,2021,1
2021-01-01,1700068,Lisboa,4 or more bedrooms,3119.0,2021,1
2021-04-01,1700068,Lisboa,0 or 1 bedroom,3488.0,2021,2
2021-04-01,1700068,Lisboa,2 bedrooms,3273.0,2021,2
2021-04-01,1700068,Lisboa,3 bedrooms,3247.0,2021,2
2021-04-01,1700068,Lisboa,4 or more bedrooms,3231.0,2021,2
2021-07-01,1700068,Lisboa,0 or 1 bedroom,3659.0,2021,3
2021-07-01,1700068,Lisboa,2 bedrooms,3333.0,2021,3
2021-07-01,1700068,Lisboa,3 bedrooms,3384.0,2021,3
2021-07-01,1700068,Lisboa,4 or more bedrooms,3344.0,2021,3
2016-01-01,11A0016,Porto,0 or 1 bedroom,1177.0,2016,1
2016-01-01,11A0016,Porto,2 bedrooms,1054.0,2016,1
2016-01-01,11A0016,Porto,3 bedrooms,1098.0,2016,1
2016-01-01,11A0016,Porto,4 or more bedrooms,988.0,2016,1
2016-04-01,11A0016,Porto,0 or 1 bedroom,1200.0,2016,2
2016-04-01,11A0016,Porto,2 bedrooms,1059.0,2016,2
2016-04-01,11A0016,Porto,3 bedrooms,1096.0,2016,2
2016-04-01,11A0016,Porto,4 or more bedrooms,964.0,2016,2
2016-07-01,11A0016,Porto,0 or 1 bedroom,1195.0,2016,3
2016-07-01,11A0016,Porto,2 bedrooms,1031.0,2016,3
2016-07-01,11A0016,Porto,3 bedrooms,1096.0,2016,3
2016-07-01,11A0016,Porto,4 or more bedrooms,1003.0,2016,3
2016-10-01,11A0016,Porto,0 or 1 bedroom,1248.0,2016,4
2016-10-01,11A0016,Porto,2 bedrooms,1029.0,2016,4
2016-10-01,11A0016,Porto,3 bedrooms,1080.0,2016,4
2016-10-01,11A0016,Porto,4 or more bedrooms,1025.0,2016,4
2017-01-01,11A0016,Porto,0 or 1 bedroom,1307.0,2017,1
2017-01-01,11A0016,Porto,2 bedrooms,1053.0,2017,1
2017-01-01,11A0016,Porto,3 bedrooms,1064.0,2017,1
2017-01-01,11A0016,Porto,4 or more bedrooms,1000.0,2017,1
2017-04-01,11A0016,Porto,0 or 1 bedroom,1406.0,2017,2
2017-04-01,11A0016,Porto,2 bedrooms,1077.0,2017,2
2017-04-01,11A0016,Porto,3 bedrooms,1084.0,2017,2
2017-04-01,11A0016,Porto,4 or more bedrooms,1067.0,2017,2
2017-07-01,11A0016,Porto,0 or 1 bedroom,1571.0,2017,3
2017-07-01,11A0016,Porto,2 bedrooms,1156.0,2017,3
2017-07-01,11A0016,Porto,3 bedrooms,1162.0,2017,3
2017-07-01,11A0016,Porto,4 or more bedrooms,1103.0,2017,3
2017-10-01,11A0016,Porto,0 or 1 bedroom,1636.0,2017,4
2017-10-01,11A0016,Porto,2 bedrooms,1198.0,2017,4
2017-10-01,11A0016,Porto,3 bedrooms,1206.0,2017,4
2017-10-01,11A0016,Porto,4 or more bedrooms,1111.0,2017,4
2018-01-01,11A0016,Porto,0 or 1 bedroom,1691.0,2018,1
2018-01-01,11A0016,Porto,2 bedrooms,1228.0,2018,1
2018-01-01,11A0016,Porto,3 bedrooms,1273.0,2018,1
2018-01-01,11A0016,Porto,4 or more bedrooms,1205.0,2018,1
2018-04-01,11A0016,Porto,0 or 1 bedroom,1758.0,2018,2
2018-04-01,11A0016,Porto,2 bedrooms,1294.0,2018,2
2018-04-01,11A0016,Porto,3 bedrooms,1354.0,2018,2
2018-04-01,11A0016,Porto,4 or more bedrooms,1314.0,2018,2
2018-07-01,11A0016,Porto,0 or 1 bedroom,1811.0,2018,3
2018-07-01,11A0016,Porto,2 bedrooms,1351.0,2018,3
2018-07-01,11A0016,Porto,3 bedrooms,1432.0,2018,3
2018-07-01,11A0016,Porto,4 or more bedrooms,1363.0,2018,3
2018-10-01,11A0016,Porto,0 or 1 bedroom,1881.0,2018,4
2018-10-01,11A0016,Porto,2 bedrooms,1477.0,2018,4
2018-10-01,11A0016,Porto,3 bedrooms,1476.0,2018,4
2018-10-01,11A0016,Porto,4 or more bedrooms,1463.0,2018,4
2019-01-01,11A0016,Porto,0 or 1 bedroom,1973.0,2019,1
2019-01-01,11A0016,Porto,2 bedrooms,1546.0,2019,1
2019-01-01,11A0016,Porto,3 bedrooms,1527.0,2019,1
2019-01-01,11A0016,Porto,4 or more bedrooms,1479.0,2019,1
2019-04-01,11A0016,Porto,0 or 1 bedroom,2092.0,2019,2
2019-04-01,11A0016,Porto,2 bedrooms,1601.0,2019,2
2019-04-01,11A0016,Porto,3 bedrooms,1579.0,2019,2
2019-04-01,11A0016,Porto,4 or more bedrooms,1539.0,2019,2
2019-07-01,11A0016,Porto,0 or 1 bedroom,2103.0,2019,3
2019-07-01,11A0016,Porto,2 bedrooms,1618.0,2019,3
2019-07-01,11A0016,Porto,3 bedrooms,1644.0,2019,3
2019-07-01,11A0016,Porto,4 or more bedrooms,1556.0,2019,3
2019-10-01,11A0016,Porto,0 or 1 bedroom,2143.0,2019,4
2019-10-01,11A0016,Porto,2 bedrooms,1648.0,2019,4
2019-10-01,11A0016,Porto,3 bedrooms,1670.0,2019,4
2019-10-01,11A0016,Porto,4 or more bedrooms,1605.0,2019,4
2020-01-01,11A0016,Porto,0 or 1 bedroom,2155.0,2020,1
2020-01-01,11A0016,Porto,2 bedrooms,1702.0,2020,1
2020-01-01,11A0016,Porto,3 bedrooms,1714.0,2020,1
2020-01-01,11A0016,Porto,4 or more bedrooms,1701.0,2020,1
2020-04-01,11A0016,Porto,0 or 1 bedroom,2155.0,2020,2
2020-04-01,11A0016,Porto,2 bedrooms,1802.0,2020,2
2020-04-01,11A0016,Porto,3 bedrooms,1750.0,2020,2
2020-04-01,11A0016,Porto,4 or more bedrooms,1729.0,2020,2
2020-07-01,11A0016,Porto,0 or 1 bedroom,2353.0,2020,3
2020-07-01,11A0016,Porto,2 bedrooms,1875.0,2020,3
2020-07-01,11A0016,Porto,3 bedrooms,1842.0,2020,3
2020-07-01,11A0016,Porto,4 or more bedrooms,1790.0,2020,3
2020-10-01,11A0016,Porto,0 or 1 bedroom,2500.0,2020,4
2020-10-01,11A0016,Porto,2 bedrooms,1952.0,2020,4
2020-10-01,11A0016,Porto,3 bedrooms,1931.0,2020,4
2020-10-01,11A0016,Porto,4 or more bedrooms,1820.0,2020,4
2021-01-01,11A0016,Porto,0 or 1 bedroom,2614.0,2021,1
2021-01-01,11A0016,Porto,2 bedrooms,1993.0,2021,1
2021-01-01,11A0016,Porto,3 bedrooms,1993.0,2021,1
2021-01-01,11A0016,Porto,4 or more bedrooms,1821.0,2021,1
2021-04-01,11A0016,Porto,0 or 1 bedroom,2625.0,2021,2
2021-04-01,11A0016,Porto,2 bedrooms,2020.0,2021,2
2021-04-01,11A0016,Porto,3 bedrooms,1957.0,2021,2
2021-04-01,11A0016,Porto,4 or more bedrooms,1823.0,2021,2
2021-07-01,11A0016,Porto,0 or 1 bedroom,2636.0,2021,3
2021-07-01,11A0016,Porto,2 bedrooms,2083.0,2021,3
2021-07-01,11A0016,Porto,3 bedrooms,1948.0,2021,3
2021-07-01,11A0016,Porto,4 or more bedrooms,1900.0,2021,3
2016-01-01,T,Total,0 or 1 bedroom,1398.0,2016,1
2016-01-01,T,Total,2 bedrooms,1233.0,2016,1
2016-01-01,T,Total,3 bedrooms,1207.0,2016,1
2016-01-01,T,Total,4 or more bedrooms,1333.0,2016,1
2016-04-01,T,Total,0 or 1 bedroom,1435.0,2016,2
2016-04-01,T,Total,2 bedrooms,1246.0,2016,2
2016-04-01,T,Total,3 bedrooms,1207.0,2016,2
2016-04-01,T,Total,4 or more bedrooms,1362.0,2016,2
2016-07-01,T,Total,0 or 1 bedroom,1465.0,2016,3
2016-07-01,T,Total,2 bedrooms,1246.0,2016,3
2016-07-01,T,Total,3 bedrooms,1208.0,2016,3
2016-07-01,T,Total,4 or more bedrooms,1400.0,2016,3
2016-10-01,T,Total,0 or 1 bedroom,1500.0,2016,4
2016-10-01,T,Total,2 bedrooms,1254.0,2016,4
2016-10-01,T,Total,3 bedrooms,1223.0,2016,4
2016-10-01,T,Total,4 or more bedrooms,1442.0,2016,4
2017-01-01,T,Total,0 or 1 bedroom,1533.0,2017,1
2017-01-01,T,Total,2 bedrooms,1290.0,2017,1
2017-01-01,T,Total,3 bedrooms,1230.0,2017,1
2017-01-01,T,Total,4 or more bedrooms,1490.0,2017,1
2017-04-01,T,Total,0 or 1 bedroom,1599.0,2017,2
2017-04-01,T,Total,2 bedrooms,1331.0,2017,2
2017-04-01,T,Total,3 bedrooms,1229.0,2017,2
2017-04-01,T,Total,4 or more bedrooms,1540.0,2017,2
2017-07-01,T,Total,0 or 1 bedroom,1645.0,2017,3
2017-07-01,T,Total,2 bedrooms,1351.0,2017,3
2017-07-01,T,Total,3 bedrooms,1250.0,2017,3
2017-07-01,T,Total,4 or more bedrooms,1571.0,2017,3
2017-10-01,T,Total,0 or 1 bedroom,1681.0,2017,4
2017-10-01,T,Total,2 bedrooms,1370.0,2017,4
2017-10-01,T,Total,3 bedrooms,1270.0,2017,4
2017-10-01,T,Total,4 or more bedrooms,1608.0,2017,4
2018-01-01,T,Total,0 or 1 bedroom,1724.0,2018,1
2018-01-01,T,Total,2 bedrooms,1408.0,2018,1
2018-01-01,T,Total,3 bedrooms,1290.0,2018,1
2018-01-01,T,Total,4 or more bedrooms,1633.0,2018,1
2018-04-01,T,Total,0 or 1 bedroom,1790.0,2018,2
2018-04-01,T,Total,2 bedrooms,1432.0,2018,2
2018-04-01,T,Total,3 bedrooms,1320.0,2018,2
2018-04-01,T,Total,4 or more bedrooms,1688.0,2018,2
2018-07-01,T,Total,0 or 1 bedroom,1831.0,2018,3
2018-07-01,T,Total,2 bedrooms,1470.0,2018,3
2018-07-01,T,Total,3 bedrooms,1341.0,2018,3
2018-07-01,T,Total,4 or more bedrooms,1741.0,2018,3
2018-10-01,T,Total,0 or 1 bedroom,1889.0,2018,4
2018-10-01,T,Total,2 bedrooms,1521.0,2018,4
2018-10-01,T,Total,3 bedrooms,1340.0,2018,4
2018-10-01,T,Total,4 or more bedrooms,1733.0,2018,4
2019-01-01,T,Total,0 or 1 bedroom,1934.0,2019,1
2019-01-01,T,Total,2 bedrooms,1539.0,2019,1
2019-01-01,T,Total,3 bedrooms,1362.0,2019,1
2019-01-01,T,Total,4 or more bedrooms,1778.0,2019,1
2019-04-01,T,Total,0 or 1 bedroom,1944.0,2019,2
2019-04-01,T,Total,2 bedrooms,1595.0,2019,2
2019-04-01,T,Total,3 bedrooms,1411.0,2019,2
2019-04-01,T,Total,4 or more bedrooms,1779.0,2019,2
2019-07-01,T,Total,0 or 1 bedroom,1986.0,2019,3
2019-07-01,T,Total,2 bedrooms,1645.0,2019,3
2019-07-01,T,Total,3 bedrooms,1429.0,2019,3
2019-07-01,T,Total,4 or more bedrooms,1777.0,2019,3
2019-10-01,T,Total,0 or 1 bedroom,2007.0,2019,4
2019-10-01,T,Total,2 bedrooms,1668.0,2019,4
2019-10-01,T,Total,3 bedrooms,1460.0,2019,4
2019-10-01,T,Total,4 or more bedrooms,1823.0,2019,4
2020-01-01,T,Total,0 or 1 bedroom,2083.0,2020,1
2020-01-01,T,Total,2 bedrooms,1714.0,2020,1
2020-01-01,T,Total,3 bedrooms,1517.0,2020,1
2020-01-01,T,Total,4 or more bedrooms,1913.0,2020,1
2020-04-01,T,Total,0 or 1 bedroom,2155.0,2020,2
2020-04-01,T,Total,2 bedrooms,1752.0,2020,2
2020-04-01,T,Total,3 bedrooms,1541.0,2020,2
2020-04-01,T,Total,4 or more bedrooms,1923.0,2020,2
2020-07-01,T,Total,0 or 1 bedroom,2247.0,2020,3
2020-07-01,T,Total,2 bedrooms,1818.0,2020,3
2020-07-01,T,Total,3 bedrooms,1593.0,2020,3
2020-07-01,T,Total,4 or more bedrooms,1900.0,2020,3
2020-10-01,T,Total,0 or 1 bedroom,2368.0,2020,4
2020-10-01,T,Total,2 bedrooms,1886.0,2020,4
2020-10-01,T,Total,3 bedrooms,1656.0,2020,4
2020-10-01,T,Total,4 or more bedrooms,1964.0,2020,4
2021-01-01,T,Total,0 or 1 bedroom,2371.0,2021,1
2021-01-01,T,Total,2 bedrooms,1903.0,2021,1
2021-01-01,T,Total,3 bedrooms,1676.0,2021,1
2021-01-01,T,Total,4 or more bedrooms,1931.0,2021,1
2021-04-01,T,Total,0 or 1 bedroom,2392.0,2021,2
2021-04-01,T,Total,2 bedrooms,1904.0,2021,2
2021-04-01,T,Total,3 bedrooms,1716.0,2021,2
2021-04-01,T,Total,4 or more bedrooms,2000.0,2021,2
2021-07-01,T,Total,0 or 1 bedroom,2422.0,2021,3
2021-07-01,T,Total,2 bedrooms,1929.0,2021,3
2021-07-01,T,Total,3 bedrooms,1759.0,2021,3
2021-07-01,T,Total,4 or more bedrooms,2112.0,2021,3
2016-01-01,11A0021,Vila Nova de Gaia,0 or 1 bedroom,714.0,2016,1
2016-01-01,11A0021,Vila Nova de Gaia,2 bedrooms,758.0,2016,1
2016-01-01,11A0021,Vila Nova de Gaia,3 bedrooms,818.0,2016,1
2016-01-01,11A0021,Vila Nova de Gaia,4 or more bedrooms,760.0,2016,1
2016-04-01,11A0021,Vila Nova de Gaia,0 or 1 bedroom,736.0,2016,2
2016-04-01,11A0021,Vila Nova de Gaia,2 bedrooms,767.0,2016,2
2016-04-01,11A0021,Vila Nova de Gaia,3 bedrooms,820.0,2016,2
2016-04-01,11A0021,Vila Nova de Gaia,4 or more bedrooms,764.0,2016,2
2016-07-01,11A0021,Vila Nova de Gaia,0 or 1 bedroom,761.0,2016,3
2016-07-01,11A0021,Vila Nova de Gaia,2 bedrooms,757.0,2016,3
2016-07-01,11A0021,Vila Nova de Gaia,3 bedrooms,853.0,2016,3
2016-07-01,11A0021,Vila Nova de Gaia,4 or more bedrooms,772.0,2016,3
2016-10-01,11A0021,Vila Nova de Gaia,0 or 1 bedroom,768.0,2016,4
2016-10-01,11A0021,Vila Nova de Gaia,2 bedrooms,769.0,2016,4
2016-10-01,11A0021,Vila Nova de Gaia,3 bedrooms,843.0,2016,4
2016-10-01,11A0021,Vila Nova de Gaia,4 or more bedrooms,773.0,2016,4
2017-01-01,11A0021,Vila Nova de Gaia,0 or 1 bedroom,806.0,2017,1
2017-01-01,11A0021,Vila Nova de Gaia,2 bedrooms,785.0,2017,1
2017-01-01,11A0021,Vila Nova de Gaia,3 bedrooms,817.0,2017,1
2017-01-01,11A0021,Vila Nova de Gaia,4 or more bedrooms,781.0,2017,1
2017-04-01,11A0021,Vila Nova de Gaia,0 or 1 bedroom,838.0,2017,2
2017-04-01,11A0021,Vila Nova de Gaia,2 bedrooms,804.0,2017,2
2017-04-01,11A0021,Vila Nova de Gaia,3 bedrooms,817.0,2017,2
2017-04-01,11A0021,Vila Nova de Gaia,4 or more bedrooms,802.0,2017,2
2017-07-01,11A0021,Vila Nova de Gaia,0 or 1 bedroom,846.0,2017,3
2017-07-01,11A0021,Vila Nova de Gaia,2 bedrooms,836.0,2017,3
2017-07-01,11A0021,Vila Nova de Gaia,3 bedrooms,806.0,2017,3
2017-07-01,11A0021,Vila Nova de Gaia,4 or more bedrooms,845.0,2017,3
2017-10-01,11A0021,Vila Nova de Gaia,0 or 1 bedroom,857.0,2017,4
2017-10-01,11A0021,Vila Nova de Gaia,2 bedrooms,844.0,2017,4
2017-10-01,11A0021,Vila Nova de Gaia,3 bedrooms,822.0,2017,4
2017-10-01,11A0021,Vila Nova de Gaia,4 or more bedrooms,852.0,2017,4
2018-01-01,11A0021,Vila Nova de Gaia,0 or 1 bedroom,897.0,2018,1
2018-01-01,11A0021,Vila Nova de Gaia,2 bedrooms,873.0,2018,1
2018-01-01,11A0021,Vila Nova de Gaia,3 bedrooms,877.0,2018,1
2018-01-01,11A0021,Vila Nova de Gaia,4 or more bedrooms,868.0,2018,1
2018-04-01,11A0021,Vila Nova de Gaia,0 or 1 bedroom,929.0,2018,2
2018-04-01,11A0021,Vila Nova de Gaia,2 bedrooms,896.0,2018,2
2018-04-01,11A0021,Vila Nova de Gaia,3 bedrooms,912.0,2018,2
2018-04-01,11A0021,Vila Nova de Gaia,4 or more bedrooms,875.0,2018,2
2018-07-01,11A0021,Vila Nova de Gaia,0 or 1 bedroom,943.0,2018,3
2018-07-01,11A0021,Vila Nova de Gaia,2 bedrooms,926.0,2018,3
2018-07-01,11A0021,Vila Nova de Gaia,3 bedrooms,921.0,2018,3
2018-07-01,11A0021,Vila Nova de Gaia,4 or more bedrooms,893.0,2018,3
2018-10-01,11A0021,Vila Nova de Gaia,0 or 1 bedroom,1000.0,2018,4
2018-10-01,11A0021,Vila Nova de Gaia,2 bedrooms,959.0,2018,4
2018-10-01,11A0021,Vila Nova de Gaia,3 bedrooms,969.0,2018,4
2018-10-01,11A0021,Vila Nova de Gaia,4 or more bedrooms,937.0,2018,4
2019-01-01,11A0021,Vila Nova de Gaia,0 or 1 bedroom,1043.0,2019,1
2019-01-01,11A0021,Vila Nova de Gaia,2 bedrooms,993.0,2019,1
2019-01-01,11A0021,Vila Nova de Gaia,3 bedrooms,983.0,2019,1
2019-01-01,11A0021,Vila Nova de Gaia,4 or more bedrooms,1001.0,2019,1
2019-04-01,11A0021,Vila Nova de Gaia,0 or 1 bedroom,1102.0,2019,2
2019-04-01,11A0021,Vila Nova de Gaia,2 bedrooms,1058.0,2019,2
2019-04-01,11A0021,Vila Nova de Gaia,3 bedrooms,1026.0,2019,2
2019-04-01,11A0021,Vila Nova de Gaia,4 or more bedrooms,1053.0,2019,2
2019-07-01,11A0021,Vila Nova de Gaia,0 or 1 bedroom,1179.0,2019,3
2019-07-01,11A0021,Vila Nova de Gaia,2 bedrooms,1111.0,2019,3
2019-07-01,11A0021,Vila Nova de Gaia,3 bedrooms,1056.0,2019,3
2019-07-01,11A0021,Vila Nova de Gaia,4 or more bedrooms,1105.0,2019,3
2019-10-01,11A0021,Vila Nova de Gaia,0 or 1 bedroom,1220.0,2019,4
2019-10-01,11A0021,Vila Nova de Gaia,2 bedrooms,1162.0,2019,4
2019-10-01,11A0021,Vila Nova de Gaia,3 bedrooms,1112.0,2019,4
2019-10-01,11A0021,Vila Nova de Gaia,4 or more bedrooms,1067.0,2019,4
2020-01-01,11A0021,Vila Nova de Gaia,0 or 1 bedroom,1250.0,2020,1
2020-01-01,11A0021,Vila Nova de Gaia,2 bedrooms,1236.0,2020,1
2020-01-01,11A0021,Vila Nova de Gaia,3 bedrooms,1156.0,2020,1
2020-01-01,11A0021,Vila Nova de Gaia,4 or more bedrooms,1083.0,2020,1
2020-04-01,11A0021,Vila Nova de Gaia,0 or 1 bedroom,1301.0,2020,2
2020-04-01,11A0021,Vila Nova de Gaia,2 bedrooms,1248.0,2020,2
2020-04-01,11A0021,Vila Nova de Gaia,3 bedrooms,1168.0,2020,2
2020-04-01,11A0021,Vila Nova de Gaia,4 or more bedrooms,1097.0,2020,2
2020-07-01,11A0021,Vila Nova de Gaia,0 or 1 bedroom,1323.0,2020,3
2020-07-01,11A0021,Vila Nova de Gaia,2 bedrooms,1267.0,2020,3
2020-07-01,11A0021,Vila Nova de Gaia,3 bedrooms,1235.0,2020,3
2020-07-01,11A0021,Vila Nova de Gaia,4 or more bedrooms,1121.0,2020,3
2020-10-01,11A0021,Vila Nova de Gaia,0 or 1 bedroom,1399.0,2020,4
2020-10-01,11A0021,Vila Nova de Gaia,2 bedrooms,1313.0,2020,4
2020-10-01,11A0021,Vila Nova de Gaia,3 bedrooms,1301.0,2020,4
2020-10-01,11A0021,Vila Nova de Gaia,4 or more bedrooms,1163.0,2020,4
2021-01-01,11A0021,Vila Nova de Gaia,0 or 1 bedroom,1419.0,2021,1
2021-01-01,11A0021,Vila Nova de Gaia,2 bedrooms,1360.0,2021,1
2021-01-01,11A0021,Vila Nova de Gaia,3 bedrooms,1414.0,2021,1
2021-01-01,11A0021,Vila Nova de Gaia,4 or more bedrooms,1254.0,2021,1
2021-04-01,11A0021,Vila Nova de Gaia,0 or 1 bedroom,1442.0,2021,2
2021-04-01,11A0021,Vila Nova de Gaia,2 bedrooms,1381.0,2021,2
2021-04-01,11A0021,Vila Nova de Gaia,3 bedrooms,1440.0,2021,2
2021-04-01,11A0021,Vila Nova de Gaia,4 or more bedrooms,1283.0,2021,2
2021-07-01,11A0021,Vila Nova de Gaia,0 or 1 bedroom,1429.0,2021,3
2021-07-01,11A0021,Vila Nova de Gaia,2 bedrooms,1405.0,2021,3
2021-07-01,11A0021,Vila Nova de Gaia,3 bedrooms,1463.0,2021,3
2021-07-01,11A0021,Vila Nova de Gaia,4 or more bedrooms,1348.0,2021,3
